Major In Economics,Josh Allen,QB
Major In Economics,Alvin Kamara,RB
Major In Economics,Josh Jacobs,RB
Major In Economics,DJ Moore,WR
Major In Economics,Tyler Lockett,WR
Major In Economics,T.J. Hockenson,TE
Major In Economics,Mike Davis,RB
Major In Economics,Vikings D/ST,D/ST
Major In Economics,Zane Gonzalez,K
Major In Economics,Le'Veon Bell,RB
Major In Economics,DJ Chark Jr.,WR
Major In Economics,Evan Engram,TE
Major In Economics,Tyler Boyd,WR
Major In Economics,Stefon Diggs,WR
Major In Economics,Jordan Howard,RB
Major In Economics,Henry Ruggs III,WR
Suzie Snoozies,Dak Prescott,QB
Suzie Snoozies,Austin Ekeler,RB
Suzie Snoozies,David Johnson,RB
Suzie Snoozies,DeAndre Hopkins,WR
Suzie Snoozies,Marquise Brown,WR
Suzie Snoozies,Zach Ertz,TE
Suzie Snoozies,DeSean Jackson,WR
Suzie Snoozies,Wil Lutz,K
Suzie Snoozies,Jarvis Landry,WR
Suzie Snoozies,Jerry Jeudy,WR
Suzie Snoozies,Dallas Goedert,TE
Suzie Snoozies,Mike Gesicki,TE
Suzie Snoozies,Allen Lazard,WR
Suzie Snoozies,Russell Gage,WR
Suzie Snoozies,Rams D/ST,D/ST
Suzie Snoozies,Justin Jefferson,WR
Suzie Snoozies,Christian McCaffrey,RB
BangBros Bang,Matt Ryan,QB
BangBros Bang,Ezekiel Elliott,RB
BangBros Bang,James Robinson,RB
BangBros Bang,Davante Adams,WR
BangBros Bang,Tyreek Hill,WR
BangBros Bang,Tyler Higbee,TE
BangBros Bang,DK Metcalf,WR
BangBros Bang,49ers D/ST,D/ST
BangBros Bang,Justin Tucker,K
BangBros Bang,Deshaun Watson,QB
BangBros Bang,Raheem Mostert,RB
BangBros Bang,John Brown,WR
BangBros Bang,Hayden Hurst,TE
BangBros Bang,Matt Prater,K
BangBros Bang,Ravens D/ST,D/ST
BangBros Bang,Sammy Watkins,WR
Narragansett Seabears,Russell Wilson,QB
Narragansett Seabears,Dalvin Cook,RB
Narragansett Seabears,Nick Chubb,RB
Narragansett Seabears,Adam Thielen,WR
Narragansett Seabears,Corey Davis,WR
Narragansett Seabears,Jared Cook,TE
Narragansett Seabears,Keenan Allen,WR
Narragansett Seabears,Bills D/ST,D/ST
Narragansett Seabears,Harrison Butker,K
Narragansett Seabears,A.J. Brown,WR
Narragansett Seabears,Julian Edelman,WR
Narragansett Seabears,Mark Ingram II,RB
Narragansett Seabears,Jamison Crowder,WR
Narragansett Seabears,Curtis Samuel,WR
Narragansett Seabears,Chase Edmonds,RB
Narragansett Seabears,Nyheim Hines,RB
Konto Baller Brand,Patrick Mahomes,QB
Konto Baller Brand,Miles Sanders,RB
Konto Baller Brand,James Conner,RB
Konto Baller Brand,Kenny Golladay,WR
Konto Baller Brand,Allen Robinson II,WR
Konto Baller Brand,Hunter Henry,TE
Konto Baller Brand,Devin Singletary,RB
Konto Baller Brand,Buccaneers D/ST,D/ST
Konto Baller Brand,Chris Boswell,K
Konto Baller Brand,Tom Brady,QB
Konto Baller Brand,David Montgomery,RB
Konto Baller Brand,Diontae Johnson,WR
Konto Baller Brand,Ronald Jones II,RB
Konto Baller Brand,Preston Williams,WR
Konto Baller Brand,Breshad Perriman,WR
Konto Baller Brand,Mike Williams,WR
We Dem Beez,Kyler Murray,QB
We Dem Beez,Clyde Edwards-Helaire,RB
We Dem Beez,Kenyan Drake,RB
We Dem Beez,Amari Cooper,WR
We Dem Beez,Darius Slayton,WR
We Dem Beez,George Kittle,TE
We Dem Beez,Marvin Jones Jr.,WR
We Dem Beez,Saints D/ST,D/ST
We Dem Beez,Greg Zuerlein,K
We Dem Beez,Melvin Gordon III,RB
We Dem Beez,Antonio Gibson,RB
We Dem Beez,CeeDee Lamb,WR
We Dem Beez,Joshua Kelley,RB
We Dem Beez,Darrell Henderson Jr.,RB
We Dem Beez,Jerick McKinnon,RB
We Dem Beez,Duke Johnson,RB
Team Hla,Cam Newton,QB
Team Hla,Derrick Henry,RB
Team Hla,Jonathan Taylor,RB
Team Hla,Chris Godwin,WR
Team Hla,Mike Evans,WR
Team Hla,Mark Andrews,TE
Team Hla,Odell Beckham Jr.,WR
Team Hla,Bears D/ST,D/ST
Team Hla,Robbie Gould,K
Team Hla,D'Andre Swift,RB
Team Hla,DeVante Parker,WR
Team Hla,Deebo Samuel,WR
Team Hla,Leonard Fournette,RB
Team Hla,Matt Breida,RB
Team Hla,Robby Anderson,WR
Team Hla,Alexander Mattison,RB
The Mixon Administration,Aaron Rodgers,QB
The Mixon Administration,Joe Mixon,RB
The Mixon Administration,Chris Carson,RB
The Mixon Administration,Calvin Ridley,WR
The Mixon Administration,Robert Woods,WR
The Mixon Administration,Jonnu Smith,TE
The Mixon Administration,Terry McLaurin,WR
The Mixon Administration,Colts D/ST,D/ST
The Mixon Administration,Jason Myers,K
The Mixon Administration,Michael Thomas,WR
The Mixon Administration,J.K. Dobbins,RB
The Mixon Administration,Rob Gronkowski,TE
The Mixon Administration,Matthew Stafford,QB
The Mixon Administration,Latavius Murray,RB
The Mixon Administration,Malcolm Brown,RB
The Mixon Administration,Myles Gaskin,RB
IrvinYi WillLose,Drew Brees,QB
IrvinYi WillLose,Aaron Jones,RB
IrvinYi WillLose,Todd Gurley II,RB
IrvinYi WillLose,Brandin Cooks,WR
IrvinYi WillLose,Hunter Renfrow,WR
IrvinYi WillLose,Travis Kelce,TE
IrvinYi WillLose,Noah Fant,TE
IrvinYi WillLose,Seahawks D/ST,D/ST
IrvinYi WillLose,Younghoe Koo,K
IrvinYi WillLose,JuJu Smith-Schuster,WR
IrvinYi WillLose,Cam Akers,RB
IrvinYi WillLose,T.Y. Hilton,WR
IrvinYi WillLose,Chris Thompson,RB
IrvinYi WillLose,Golden Tate,WR
IrvinYi WillLose,Steelers D/ST,D/ST
IrvinYi WillLose,Daniel Jones,QB
IrvinYi WillLose,Sterling Shepard,WR
5 Egg Breakfast Garrity-Janger,Lamar Jackson,QB
5 Egg Breakfast Garrity-Janger,Kareem Hunt,RB
5 Egg Breakfast Garrity-Janger,Dion Lewis,RB
5 Egg Breakfast Garrity-Janger,Cooper Kupp,WR
5 Egg Breakfast Garrity-Janger,Will Fuller V,WR
5 Egg Breakfast Garrity-Janger,Darren Waller,TE
5 Egg Breakfast Garrity-Janger,A.J. Green,WR
5 Egg Breakfast Garrity-Janger,Patriots D/ST,D/ST
5 Egg Breakfast Garrity-Janger,Tyler Bass,K
5 Egg Breakfast Garrity-Janger,Julio Jones,WR
5 Egg Breakfast Garrity-Janger,Michael Gallup,WR
5 Egg Breakfast Garrity-Janger,Emmanuel Sanders,WR
5 Egg Breakfast Garrity-Janger,Austin Hooper,TE
5 Egg Breakfast Garrity-Janger,Anthony Miller,WR
5 Egg Breakfast Garrity-Janger,Adrian Peterson,RB
5 Egg Breakfast Garrity-Janger,Rex Burkhead,RB
5 Egg Breakfast Garrity-Janger,Saquon Barkley,RB
